"TF","totaltargets","genomeratio","subtargets","subratio","logFC","pval"
"AT5G06100",14118,0.510504429578738,37,0.755102040816326,0.564748137171575,0.00053502225293926
"AT3G11280",1813,0.0655577653227264,10,0.204081632653061,1.63830776263128,0.00112788276003188
"AT3G50060",16474,0.595696980654493,40,0.816326530612245,0.454567698993395,0.0012371938728964
"AT1G29160",8733,0.315783764237932,26,0.530612244897959,0.748720970785248,0.00189492514679866
"AT3G15500",6370,0.230338094377147,21,0.428571428571429,0.895782643123177,0.00196608135043924
"AT4G27950",1978,0.0715241366841439,10,0.204081632653061,1.51264426161633,0.00216368589171072
"AT2G27300",4907,0.177436268305912,17,0.346938775510204,0.967380162670193,0.00419995846325442
"AT4G36160",10533,0.380871451817031,28,0.571428571428571,0.585269017943773,0.00768356769254613
"AT5G67300",11038,0.399132164165612,29,0.591836734693878,0.568332702423956,0.00803898355289364
"AT5G18560",2412,0.0872175013559935,10,0.204081632653061,1.22645678047536,0.00880574564225826
"AT5G18450",2095,0.0757548363767854,9,0.183673469387755,1.27773335034368,0.0105142378413378
"AT4G36740",16518,0.597288013017538,38,0.775510204081633,0.376718995614946,0.0125227423455226
"AT1G74650",13683,0.494774905080456,33,0.673469387755102,0.444840041267621,0.0145526573353386
"AT5G66730",5126,0.185355270294703,16,0.326530612244898,0.816925114196498,0.01605619959466
"AT2G22430",7960,0.287832218405352,22,0.448979591836735,0.641421780694364,0.0171961389469928
"AT3G10480",8396,0.303597902730067,23,0.469387755102041,0.628618382252938,0.018554108983976
"AT2G23290",8427,0.304718857349485,23,0.469387755102041,0.623301423697536,0.0187279050551873
"AT1G70920",3786,0.136901102874706,13,0.26530612244898,0.954523899925468,0.0191425660971013
"AT2G18060",5730,0.207195805460134,17,0.346938775510204,0.74368629509415,0.0212711872589545
"AT5G03150",1965,0.0710540589405171,8,0.163265306122449,1.20022928034211,0.0213056228133023
"AT5G07680",2581,0.0933285120231423,10,0.204081632653061,1.12875654628147,0.022038922436947
"AT4G38000",7175,0.259446754655578,20,0.408163265306122,0.653707855925027,0.022139599417465
"AT4G37260",7185,0.259808352919906,20,0.408163265306122,0.651698531030743,0.0223021806163004
"AT4G18170",9623,0.347966009763153,25,0.510204081632653,0.552128053843905,0.0234553357088294
"AT3G12130",9636,0.34843608750678,25,0.510204081632653,0.550180389024333,0.0235508456403554
"AT1G74840",7603,0.27492316036883,21,0.428571428571429,0.640507224532732,0.023728067753092
"AT1G50640",2671,0.0965828964020973,10,0.204081632653061,1.07930671174033,0.0241409165600636
"AT2G32460",8202,0.296582896402097,22,0.448979591836735,0.598214467798162,0.0273154918300358
"AT3G11440",8251,0.298354727897306,22,0.448979591836735,0.589621230576122,0.0278633629583507
"AT3G61150",8282,0.299475682516724,22,0.448979591836735,0.584211008755498,0.0282679656723387
"AT1G34180",10965,0.396492496836015,27,0.551020408163265,0.474812188090592,0.0290239476870185
"AT1G72740",12911,0.466859519074308,15,0.306122448979592,-0.608879652966945,0.0307517927198603
"AT3G10500",5926,0.214283131440969,17,0.346938775510204,0.695162807777137,0.0346864687285165
"AT1G68670",7431,0.268703670222383,20,0.408163265306122,0.603130318407922,0.0352261907389532
"AT3G24120",19976,0.722328692822274,42,0.857142857142857,0.246880194338628,0.037321864035719
"AT5G10030",6110,0.22093653950461,17,0.346938775510204,0.651049054032329,0.0390037574294655
"AT1G80840",6131,0.2216958958597,17,0.346938775510204,0.64609902942965,0.0396435245601551
"AT4G32730",11026,0.398698246248418,27,0.551020408163265,0.466808493560437,0.0399553257592611
"AT3G04070",6448,0.233158560838908,18,0.36734693877551,0.655831850402424,0.0405379759012984
"AT1G51220",5129,0.185463749774001,15,0.306122448979592,0.722971617119281,0.0410562454731746
"AT1G69490",4202,0.151943590670765,13,0.26530612244898,0.804122148956124,0.0430209005255675
"AT4G26030",8528,0.308370999819201,22,0.448979591836735,0.5419827733662,0.0431346549038373
"AT2G37590",13445,0.486168866389441,31,0.63265306122449,0.37995705311472,0.0452537172843817
"AT5G45300",2622,0.0948110649068885,9,0.183673469387755,0.954015908708637,0.0465556660196237
"AT4G36620",199,0.00719580546013379,2,0.0408163265306122,2.50391825694443,0.0487296666167659
"AT4G00730",5649,0.204266859519074,16,0.326530612244898,0.676763092152697,0.0488257982116675
"AT1G71450",9574,0.346194178267944,24,0.489795918367347,0.50059928748947,0.0495596869346364
"AT5G58850",7641,0.276297233773278,20,0.408163265306122,0.56292522738009,0.0535345862457548
"AT1G74480",7686,0.277924425962755,20,0.408163265306122,0.554453711312641,0.0542448167869454
"AT1G52880",4760,0.172120773820286,14,0.285714285714286,0.731151941350375,0.0551149483799566
"AT2G18550",10741,0.388392695715061,26,0.530612244897959,0.450141899862495,0.0555169264551115
"AT4G34410",4818,0.17421804375339,14,0.285714285714286,0.713679121307212,0.0565541926378614
"AT2G18350",10423,0.37689387090942,25,0.510204081632653,0.436916106623099,0.0566785619506363
"AT4G17980",11524,0.416705839811969,27,0.551020408163265,0.403076434491677,0.0604763175912997
"AT3G14180",4937,0.178521063098897,14,0.285714285714286,0.678478869804588,0.0606274302536958
"AT5G47390",12035,0.435183511119147,28,0.571428571428571,0.392949278183823,0.0611299823333079
"AT3G55370",12069,0.436412945217863,28,0.571428571428571,0.388879276198897,0.0616905286394965
"AT3G45610",14781,0.534478394503706,33,0.673469387755102,0.333480739813193,0.0619066740467772
"AT5G03790",14882,0.538130536973423,33,0.673469387755102,0.323656193257823,0.0628270786735546
"AT5G46590",8428,0.304755017175918,21,0.428571428571429,0.491885701449531,0.0636928360056788
"AT5G25190",5021,0.181558488519255,14,0.285714285714286,0.65413878987782,0.0644067033787331
"AT5G62380",9419,0.340589405170855,23,0.469387755102041,0.462746649514425,0.0695913239296524
"AT4G18450",537,0.0194178267944314,3,0.0612244897959184,1.65672710022382,0.0697849011182653
"AT2G30340",3210,0.116073042849394,10,0.204081632653061,0.81411339036578,0.070008517083829
"AT1G03800",4168,0.150714156572048,12,0.244897959183673,0.700365815930732,0.0722466579379418
"AT1G30490",7375,0.266678719942144,19,0.387755102040816,0.540043056907738,0.0737403273890309
"AT3G04060",10054,0.363550894955704,24,0.489795918367347,0.43002340451387,0.0747657103956675
"AT2G02070",7490,0.27083709998192,19,0.387755102040816,0.517720387585552,0.0763412886345484
"AT5G08520",7535,0.272464292171398,19,0.387755102040816,0.509078594446476,0.0776918272745594
"AT3G02940",7559,0.273332128005786,19,0.387755102040816,0.504490717122916,0.0784883751753157
"AT1G69690",921,0.0333032001446393,4,0.0816326530612245,1.29348553139674,0.079955200777
"AT1G32870",4626,0.167275357078286,13,0.26530612244898,0.665433044992981,0.0821368396444826
"AT5G46350",14033,0.507430844331947,31,0.63265306122449,0.318203344452742,0.087119557077376
"AT1G69780",13486,0.487651419273188,30,0.612244897959184,0.328258590768518,0.0873545291321137
"AT3G27785",3699,0.13375519797505,11,0.224489795918367,0.747054911001378,0.0881309916018053
"AT3G23220",1346,0.0486711263785934,5,0.102040816326531,1.06800827776512,0.0889305673025057
"AT5G66700",9750,0.352558307720123,23,0.469387755102041,0.412918330020757,0.0997795123837658
"AT2G20400",5286,0.191140842523956,14,0.285714285714286,0.579937089904113,0.101433220916029
"AT3G13810",2987,0.108009401554873,9,0.183673469387755,0.765986356619595,0.102577918635958
"AT1G29860",7206,0.260567709274996,18,0.36734693877551,0.495484942503599,0.102712688696856
"AT1G69570",7235,0.261616344241548,18,0.36734693877551,0.489690577511303,0.103672382586303
"AT3G10030",2174,0.0786114626649792,7,0.142857142857143,0.861761574518374,0.105380425579158
"AT4G10350",10772,0.389513650334478,25,0.510204081632653,0.389400552761134,0.106063221508021
"AT1G28370",5657,0.204556138130537,15,0.306122448979592,0.581612017452823,0.108136822376802
"AT3G47500",10960,0.396311697703851,25,0.510204081632653,0.364438889414915,0.109563545660145
"AT1G22070",3067,0.110902187669499,9,0.183673469387755,0.727855427663375,0.110046856688656
"AT5G06839",4299,0.15545109383475,12,0.244897959183673,0.65571998322593,0.110606392417911
"AT1G79580",15995,0.578376423793166,34,0.693877551020408,0.262672346735382,0.112453203379758
"AT2G01930",11999,0.433881757367565,27,0.551020408163265,0.34480382386468,0.112830587041083
"AT5G47220",663,0.0239739649249684,3,0.0612244897959184,1.35264031809665,0.112917843385272
"AT2G42200",16031,0.579678177544748,34,0.693877551020408,0.259428916812982,0.113044397715501
"AT3G46590",1512,0.0546736575664437,0,0,-Inf,0.113534875121942
"AT5G13080",14151,0.511697703851022,31,0.63265306122449,0.3061228016242,0.115155340471877
"AT4G22070",3122,0.112890978123305,9,0.183673469387755,0.702213056952483,0.115911655754733
"AT3G15210",8393,0.303489423250768,20,0.408163265306122,0.427500106903616,0.12070488799055
"AT1G12260",8416,0.304321099258724,20,0.408163265306122,0.423551983083137,0.121513256512109
"AT3G60580",8842,0.31972518531911,21,0.428571428571429,0.422703281312775,0.124492390311774
"AT5G11510",1732,0.062628819381667,6,0.122448979591837,0.96728216348251,0.126415836334252
"AT5G47230",700,0.0253118785029832,3,0.0612244897959184,1.27429426637691,0.127166511695124
"AT5G65130",1742,0.0629904176459953,6,0.122448979591837,0.958976469610371,0.127451255534569
"AT5G47660",9003,0.325546917374797,21,0.428571428571429,0.396670195947393,0.129060398980533
"AT1G47655",6480,0.234315675284759,16,0.326530612244898,0.47876477971609,0.130617356403798
"AT3G01220",4950,0.178991140842524,13,0.26530612244898,0.567769785774837,0.133515913858417
"AT3G20770",1118,0.0404266859519074,4,0.0816326530612245,1.01383840464489,0.135626720264951
"AT5G04410",10001,0.361634424154764,23,0.469387755102041,0.376248191704549,0.136578918214585
"AT1G52150",5388,0.194829144820105,14,0.285714285714286,0.552363664083379,0.146116115720296
"AT3G21890",11208,0.405279334659194,25,0.510204081632653,0.332157826831985,0.146657074944484
"AT3G15170",2763,0.0999096004339179,8,0.163265306122449,0.708523030675588,0.148481415087864
"AT2G46590",12280,0.444042668595191,27,0.551020408163265,0.311407439394005,0.150742384637501
"AT1G49480",15124,0.546881214970168,32,0.653061224489796,0.255990743500845,0.152206811201595
"AT1G64620",15125,0.546917374796601,32,0.653061224489796,0.255895355551398,0.152222862621012
"AT1G01060",13356,0.482950641836919,29,0.591836734693878,0.293323494552536,0.15258925568064
"AT5G29000",4077,0.147423612366661,11,0.224489795918367,0.606682254636826,0.154190461488031
"AT1G27730",14675,0.530645452901826,21,0.428571428571429,-0.308212582617937,0.155637104620031
"AT2G26960",2864,0.103561742903634,8,0.163265306122449,0.656727100223824,0.161099415277242
"AT4G04890",1978,0.0715241366841439,6,0.122448979591837,0.775678667450125,0.161853161622155
"AT1G55110",4200,0.151871271017899,11,0.224489795918367,0.563800883571893,0.162564400479076
"AT3G12730",8585,0.310432109925872,20,0.408163265306122,0.394868553485947,0.163789144167878
"AT1G13450",418,0.0151148074489242,2,0.0408163265306122,1.4331837454072,0.169333194558434
"AT1G51700",9240,0.334116796239378,21,0.428571428571429,0.35918316396342,0.173674009630523
"AT4G18770",4587,0.165865123847406,12,0.244897959183673,0.562170186127271,0.175064005755773
"AT1G13260",9335,0.337551979750497,21,0.428571428571429,0.344425993153276,0.177391231899275
"AT1G68550",4691,0.16962574579642,12,0.244897959183673,0.529825592713256,0.180069102492949
"AT3G18400",10209,0.369155668052793,23,0.469387755102041,0.346550896858929,0.181983027538662
"AT5G23280",842,0.0304465738564455,3,0.0612244897959184,1.00782895514284,0.187110504988436
"AT4G31060",4807,0.173820285662629,12,0.244897959183673,0.494584290071338,0.188025922996381
"AT5G65210",7098,0.25666244802025,17,0.346938775510204,0.434808859677471,0.189057266940655
"AT1G79180",2353,0.0850840715964563,7,0.142857142857143,0.747612194321387,0.190879817851711
"AT4G16750",10971,0.396709455794612,24,0.489795918367347,0.304097966146712,0.191044848388567
"AT1G30650",7241,0.261833303200145,17,0.346938775510204,0.406032483257293,0.193173755054412
"AT2G36010",4911,0.177580907611643,5,0.102040816326531,-0.799330134819864,0.193553010560434
"AT1G03840",3424,0.123811245706021,9,0.183673469387755,0.56900089252924,0.194178587645678
"AT2G02450",5156,0.186440065087688,13,0.26530612244898,0.508946047267517,0.196119530258375
"AT3G04030",12117,0.438148616886639,26,0.530612244897959,0.276237664204929,0.198135207449501
"AT1G72010",2427,0.087759898752486,7,0.142857142857143,0.702939406394549,0.198155341802143
"AT2G23320",14915,0.539323811245706,31,0.63265306122449,0.23026283065238,0.200279961165109
"AT1G69180",7396,0.267438076297234,17,0.346938775510204,0.375476209334222,0.200927954934063
"AT3G26790",2463,0.089061652504068,7,0.142857142857143,0.681696887046722,0.202322977407388
"AT5G47370",8255,0.298499367203037,19,0.387755102040816,0.377417891131046,0.210578705385923
"AT5G08330",2557,0.0924606761887543,7,0.142857142857143,0.627661354304034,0.215028232801165
"AT1G25550",8465,0.306092930753932,19,0.387755102040816,0.341176038148662,0.217468466086387
"AT3G56850",3936,0.142325076839631,10,0.204081632653061,0.519956467036204,0.218620110315324
"AT5G13910",501,0.0181160730428494,2,0.0408163265306122,1.17187608429287,0.222627234070599
"AT3G24050",934,0.0337732778882661,3,0.0612244897959184,0.858226638499575,0.229322991925648
"AT5G41570",10009,0.361923702766227,22,0.448979591836735,0.310964274980279,0.234286589834163
"AT5G39610",6387,0.230952811426505,15,0.306122448979592,0.406510737923149,0.234303018906607
"AT2G46770",10561,0.381883926957151,23,0.469387755102041,0.297646006918993,0.239452276220771
"AT1G75080",960,0.0347134333755198,3,0.0612244897959184,0.818614782600717,0.241590199200544
"AT1G20910",6556,0.237063822093654,15,0.306122448979592,0.368833333997139,0.243804264550093
"AT5G63260",11158,0.403471343337552,24,0.489795918367347,0.279714542161159,0.244622644420133
"AT1G09540",11242,0.40650876875791,24,0.489795918367347,0.268894278634317,0.24694396839658
"AT2G22540",12117,0.438148616886639,17,0.346938775510204,-0.336739212685824,0.249222832074654
"AT1G14687",12176,0.440282046646176,26,0.530612244897959,0.269229952125627,0.249422632075138
"AT1G19210",11787,0.426215874163804,25,0.510204081632653,0.259490114082961,0.249856939783225
"AT3G10113",15664,0.566407521243898,32,0.653061224489796,0.205377827884384,0.250235688846934
"AT5G14960",979,0.0354004700777436,3,0.0612244897959184,0.790340328605542,0.250628716755529
"AT1G75240",13403,0.484650153679262,28,0.571428571428571,0.237629464036484,0.253747154968923
"AT1G33240",14090,0.509491954438619,29,0.591836734693878,0.216139881418652,0.257059724582112
"AT3G42860",2167,0.0783583438799494,6,0.122448979591837,0.644021940115562,0.277802893480101
"AT4G00250",9162,0.331296329777617,20,0.408163265306122,0.301024124857434,0.287864022309614
"AT1G18330",18086,0.65398662086422,36,0.73469387755102,0.167882130574103,0.293199292809988
"AT1G49560",9713,0.351220394142108,21,0.428571428571429,0.287159053981077,0.294732244871244
"AT5G08130",615,0.0222382932561924,2,0.0408163265306122,0.876100277261475,0.297546331728711
"AT5G06960",2308,0.0834568794069789,6,0.122448979591837,0.553077869563752,0.298765337757926
"AT1G68320",9924,0.358850117519436,21,0.428571428571429,0.256154280374408,0.302000228548544
"AT5G02320",2334,0.0843970348942325,6,0.122448979591837,0.536916532501887,0.303326927236392
"AT3G22760",10699,0.386873983004882,15,0.306122448979592,-0.337754865466122,0.304656075371927
"AT5G45580",16996,0.614572410052432,34,0.693877551020408,0.175098090425132,0.304773018306307
"AT5G65310",17060,0.616886638944133,34,0.693877551020408,0.169675692532766,0.305397211691273
"AT3G20310",10826,0.391466280961851,23,0.469387755102041,0.261892160830452,0.305671781425234
"AT5G61620",10442,0.377580907611643,22,0.448979591836735,0.249864052777451,0.305781221642079
"AT2G30250",11329,0.409654673657566,24,0.489795918367347,0.257772477193475,0.309145637555008
"AT4G01280",11909,0.43062737298861,25,0.510204081632653,0.244634412681841,0.312595536390361
"AT2G45410",11954,0.432254565178087,25,0.510204081632653,0.239193239837199,0.313125801054168
"AT5G65410",15259,0.551762791538601,31,0.63265306122449,0.197366390210298,0.314776006447671
"AT2G18380",12550,0.453805821732056,26,0.530612244897959,0.225582851903674,0.316053445394639
"AT5G39760",15422,0.557656843247152,31,0.63265306122449,0.182036935227035,0.316671033519182
"AT3G57920",13630,0.492858434279515,28,0.571428571428571,0.213399857853113,0.317697230376634
"AT5G56840",14824,0.536033267040318,30,0.612244897959184,0.191786307069333,0.317711223815709
"AT4G21040",13144,0.475284758633159,27,0.551020408163265,0.213313614701472,0.318189256509423
"AT1G28160",6804,0.246031459048997,15,0.306122448979592,0.31526604743321,0.322268906576107
"AT1G43700",1443,0.0521786295425782,4,0.0816326530612245,0.645687292996881,0.324337462971801
"AT2G33550",7131,0.257855722292533,9,0.183673469387755,-0.489420809733199,0.326142818022862
"AT3G60490",7329,0.265015367926234,16,0.326530612244898,0.301142228499667,0.333108830066182
"AT3G10580",4627,0.167311516904719,11,0.224489795918367,0.42411311256008,0.335746212956651
"AT1G62300",4646,0.167998553606943,11,0.224489795918367,0.418201057316566,0.336507574608594
"AT5G02840",4715,0.170493581630808,11,0.224489795918367,0.396932440562919,0.339917337014513
"AT5G64750",7775,0.281142650515278,17,0.346938775510204,0.303378758833089,0.339974456123812
"AT5G07310",7795,0.281865847043934,17,0.346938775510204,0.299672411153272,0.340600615998917
"AT3G01970",7921,0.286421985174471,17,0.346938775510204,0.276538856805624,0.345906359665148
"AT2G42430",4846,0.175230518893509,11,0.224489795918367,0.357395806674033,0.349068187484509
"AT1G76890",8416,0.304321099258724,18,0.36734693877551,0.271548889638087,0.352763280410741
"AT5G39820",705,0.0254926776351473,2,0.0408163265306122,0.679063430201926,0.356199565456309
"AT5G05550",8898,0.321750135599349,19,0.387755102040816,0.269205007755879,0.358936788726306
"AT4G18880",717,0.0259265955523413,2,0.0408163265306122,0.654713568786177,0.363913766309269
"AT2G02820",9266,0.335056951726632,13,0.26530612244898,-0.336748371404101,0.364519463638773
"AT1G34190",9530,0.3446031459049,20,0.408163265306122,0.244210473578136,0.368512192179726
"AT1G53910",5399,0.195226902910866,12,0.244897959183673,0.327028876759979,0.369123930432291
"AT4G21030",731,0.026432833122401,2,0.0408163265306122,0.626815281535643,0.372872661808279
"AT1G29280",10214,0.369336467184957,21,0.428571428571429,0.214599956554426,0.379646678284248
"AT1G19850",16725,0.604773097089134,33,0.673469387755102,0.155218406430347,0.381664064223027
"AT1G46768",1889,0.0683059121316218,5,0.102040816326531,0.579063985987071,0.384962260010259
"AT2G01060",11695,0.422889170131983,24,0.489795918367347,0.211901136969447,0.386313486512827
"AT2G01940",12170,0.440065087687579,25,0.510204081632653,0.213357519661714,0.388116817503094
"AT4G23550",12033,0.435111191466281,18,0.36734693877551,-0.244240872605274,0.388531955679466
"AT3G12250",12753,0.461146266497921,26,0.530612244897959,0.20243355126884,0.390227634784997
"AT5G60130",12890,0.466100162719219,26,0.530612244897959,0.187017952380158,0.392380067738512
"AT4G01250",15204,0.549774001084795,30,0.612244897959184,0.155270163234632,0.393605588640504
"AT2G04038",3512,0.12699331043211,8,0.163265306122449,0.36246574795272,0.394754995851451
"AT5G62320",3665,0.132525763876333,4,0.0816326530612245,-0.699054605533091,0.399106161273926
"AT2G31220",6890,0.24914120412222,15,0.306122448979592,0.297145205504945,0.408037815312488
"AT5G08750",872,0.0315313686494305,0,0,-Inf,0.408703908312771
"AT4G06746",2105,0.0761164346411137,5,0.102040816326531,0.422866454421684,0.420393148076702
"AT1G24250",2109,0.0762610739468451,5,0.102040816326531,0.420127592581749,0.421189631351166
"AT1G25340",7574,0.273874525402278,16,0.326530612244898,0.25370317160366,0.42396486247873
"AT1G53170",7604,0.274959320195263,16,0.326530612244898,0.248000060839528,0.425220195771788
"AT1G01720",7615,0.275357078286024,16,0.326530612244898,0.245914556113426,0.425712722986169
"AT2G45680",317,0.0114626649792081,1,0.0204081632653061,0.832203847348672,0.431591266656545
"AT5G11260",8124,0.293762429940336,17,0.346938775510204,0.240031194442267,0.433764676171905
"AT4G25470",8523,0.308190200687037,12,0.244897959183673,-0.331640238701463,0.43906160083302
"AT1G06180",2422,0.0875790996203218,6,0.122448979591837,0.483522228514907,0.441635569399243
"AT5G62020",1103,0.0398842885554149,3,0.0612244897959184,0.618288302617854,0.4467711069577
"AT2G41690",1104,0.0399204483818478,3,0.0612244897959184,0.616980921431065,0.447009091027243
"AT1G75390",2485,0.0898571686855903,6,0.122448979591837,0.446475241759587,0.447164652909488
"AT5G64060",4624,0.16720303742542,10,0.204081632653061,0.287545289874766,0.447377196717264
"AT3G03200",9183,0.332055686132707,19,0.387755102040816,0.223720560683515,0.448530556452184
"AT2G03500",9700,0.350750316398481,20,0.408163265306122,0.218701940413591,0.454328730909328
"AT2G02080",9357,0.33834749593202,19,0.387755102040816,0.196640052836355,0.454386498604213
"AT5G17300",17097,0.618224552522148,33,0.673469387755102,0.123481418783785,0.465370387240614
"AT5G63090",1184,0.0428132344964744,3,0.0612244897959184,0.516052012580286,0.467506689171099
"AT4G01540",11379,0.411462664979208,23,0.469387755102041,0.190018676529699,0.468405932617255
"AT1G69010",16234,0.587018622310613,26,0.530612244897959,-0.145748302546475,0.469006604832079
"AT5G52660",11443,0.413776893870909,23,0.469387755102041,0.181927122357648,0.469403751956428
"AT5G66940",15781,0.570638220936539,31,0.63265306122449,0.148838180329645,0.470913768285702
"AT3G52440",15349,0.555017175917556,30,0.612244897959184,0.141576427660895,0.473766015551039
"AT4G21080",14693,0.531296329777617,29,0.591836734693878,0.155682499265893,0.474624107165735
"AT3G50410",14784,0.534586873983005,29,0.591836734693878,0.146774831199594,0.47526418160924
"AT1G77200",14558,0.526414753209185,23,0.469387755102041,-0.165419715533253,0.475416159012631
"AT1G06280",13633,0.492966913758814,27,0.551020408163265,0.160614931804837,0.475795207107594
"AT3G12720",13671,0.494340987163262,27,0.551020408163265,0.156599223707151,0.476259824790796
"AT1G43160",5697,0.20600253118785,12,0.244897959183673,0.249518687338584,0.481824756249467
"AT1G65910",6318,0.22845778340264,13,0.26530612244898,0.215730373882297,0.500529909930127
"AT2G47070",7015,0.253661182426324,10,0.204081632653061,-0.313756416131818,0.51269312021432
"AT5G05790",3277,0.118495751220394,7,0.142857142857143,0.269737842002925,0.512716902922879
"AT5G25810",1602,0.0579280419453987,4,0.0816326530612245,0.494884445079368,0.531043011469398
"AT1G59640",1651,0.0596998734406075,4,0.0816326530612245,0.451418472574821,0.536816919490618
"AT1G06850",8914,0.322328692822274,18,0.36734693877551,0.188610633317739,0.541361610615339
"AT4G24240",1772,0.0640752124389803,4,0.0816326530612245,0.349379988933061,0.554732190360372
"AT5G26170",10181,0.368143192912674,20,0.408163265306122,0.148879319802734,0.556875177226263
"AT3G16280",10192,0.368540951003435,20,0.408163265306122,0.147321410119142,0.55725723236407
"AT5G22990",4337,0.156825167239197,9,0.183673469387755,0.227986151067291,0.557866642949758
"AT1G68200",4363,0.157765322726451,9,0.183673469387755,0.219363120553891,0.55996164389701
"AT1G78700",4366,0.157873802205749,9,0.183673469387755,0.218371463939604,0.560210392181462
"AT2G35700",4367,0.157909962032182,9,0.183673469387755,0.218041063150139,0.560293627811156
"AT3G22830",16790,0.607123485807268,32,0.653061224489796,0.105228267663687,0.560845082538795
"AT1G28470",16845,0.609112276261074,32,0.653061224489796,0.100510069478959,0.561787006997651
"AT2G44940",4550,0.164527210269391,6,0.122448979591837,-0.426145451764188,0.56317370924934
"AT1G19000",13311,0.481323449647442,26,0.530612244897959,0.140651257087791,0.567970360670561
"AT3G09600",13384,0.483963116977039,26,0.530612244897959,0.132760865590818,0.568593853115658
"AT1G76880",472,0.0170674380762972,1,0.0204081632653061,0.257899828126241,0.569807936791248
"AT3G15270",14608,0.528222744530826,28,0.571428571428571,0.113426749561462,0.570154895046558
"AT4G36780",4944,0.178774181883927,10,0.204081632653061,0.191007944471067,0.580298388801902
"AT1G35460",4976,0.179931296329778,7,0.142857142857143,-0.332872970584922,0.58142486736662
"AT4G01500",2043,0.0738745254022781,2,0.0408163265306122,-0.855930611245149,0.582769814716373
"AT1G76420",5263,0.190309166516001,11,0.224489795918367,0.238304816632601,0.583989562547959
"AT2G06200",5295,0.191466280961851,11,0.224489795918367,0.229559527245681,0.585075466315341
"AT1G12610",2205,0.079732417284397,5,0.102040816326531,0.355908031930559,0.592076753811524
"AT3G25990",2262,0.0817935273910685,5,0.102040816326531,0.319087758385622,0.597193350479558
"AT5G10510",511,0.0184776713071777,1,0.0204081632653061,0.14336339655046,0.599032652339261
"AT5G52020",7033,0.254312059302115,14,0.285714285714286,0.167973297577778,0.623349637202955
"AT5G46830",7057,0.255179895136503,14,0.285714285714286,0.163058504892536,0.624150443991878
"AT5G59430",563,0.020357982281685,0,0,-Inf,0.628322552217318
"AT1G02230",7245,0.261977942505876,11,0.224489795918367,-0.222795478318915,0.62845439881807
"AT2G15740",2781,0.100560477309709,6,0.122448979591837,0.284117348862547,0.631098333029325
"AT4G16150",673,0.0243355631892967,0,0,-Inf,0.634522800466056
"AT1G51140",7995,0.289097812330501,12,0.244897959183673,-0.23937694015846,0.636413348391992
"AT4G34590",7781,0.281359609473875,12,0.244897959183673,-0.200234486128414,0.636541859589996
"AT4G01680",8273,0.299150244078828,16,0.326530612244898,0.126348010673582,0.643352185158812
"AT4G15090",748,0.0270475501717592,0,0,-Inf,0.644596598780861
"AT5G51190",9145,0.330681612728259,18,0.36734693877551,0.151700424294312,0.648952817474785
"AT2G38340",9163,0.33133248960405,18,0.36734693877551,0.148863574927546,0.649175751311246
"AT5G13180",9759,0.352883746158018,19,0.387755102040816,0.135952783169378,0.654421834553407
"AT4G24020",829,0.0299764961128187,2,0.0408163265306122,0.445314585992327,0.659179817076274
"AT5G53950",3383,0.122328692822274,7,0.142857142857143,0.223810337751701,0.660863551829212
"AT5G66300",3403,0.123051889350931,7,0.142857142857143,0.215306363580676,0.662013437496464
"AT1G08320",11043,0.399312963297776,21,0.428571428571429,0.102015765161623,0.665029593605969
"AT1G77920",13618,0.492424516362321,26,0.530612244897959,0.107755377777611,0.668833454692621
"AT5G52830",13734,0.49661905622853,26,0.530612244897959,0.095518347352329,0.670051849155816
"AT5G60850",13802,0.499077924425963,26,0.530612244897959,0.0883928779881802,0.671263078582277
"AT3G27010",908,0.0328331224010125,2,0.0408163265306122,0.313994390197163,0.675976744714165
"AT4G01550",4298,0.155414934008317,6,0.122448979591837,-0.34394438921855,0.693050399172318
"AT2G36270",4496,0.162574579642018,9,0.183673469387755,0.176041558709463,0.697806559196563
"AT3G17730",4565,0.165069607665883,9,0.183673469387755,0.154068734058809,0.700655918322353
"AT1G34670",4859,0.175700596637136,7,0.142857142857143,-0.298545917571601,0.707236151602989
"AT5G50670",1061,0.0383655758452359,2,0.0408163265306122,0.089333936573316,0.712513219964241
"AT2G35530",5609,0.202820466461761,11,0.224489795918367,0.146446628443592,0.72215481463292
"AT5G62470",1107,0.0400289278611463,1,0.0204081632653061,-0.971896629293474,0.723759018998352
"AT1G34370",1279,0.0462484180075936,1,0.0204081632653061,-1.18025767139356,0.728319268693802
"AT3G24520",6025,0.21786295425782,9,0.183673469387755,-0.246277647074298,0.729014063414693
"AT4G38170",6164,0.222889170131983,12,0.244897959183673,0.135854231694452,0.731362814527778
"AT1G54330",6180,0.223467727354909,12,0.244897959183673,0.132114255417497,0.731749037505691
"AT3G09735",6577,0.237823178448743,10,0.204081632653061,-0.220742982558982,0.737105898474675
"AT1G44830",1398,0.0505514373531007,3,0.0612244897959184,0.276356732833799,0.737558758920974
"AT3G56400",6714,0.242777074670042,13,0.26530612244898,0.128025773931619,0.73905356774581
"AT4G25480",6745,0.243898029289459,13,0.26530612244898,0.121379867793544,0.739718322532967
"AT3G10800",1469,0.0531187850298319,3,0.0612244897959184,0.204886697652954,0.74485202708466
"AT2G40740",7217,0.260965467365757,14,0.285714285714286,0.130714260119969,0.744881280950757
"AT5G04390",7462,0.269824624841801,14,0.285714285714286,0.0825511547289023,0.750574796280121
"AT2G23340",8044,0.29086964382571,13,0.26530612244898,-0.132714770676182,0.755508846920037
"AT2G46680",8422,0.304538058217321,16,0.326530612244898,0.100595717318983,0.756924358039401
"AT1G12630",8711,0.314988248056409,14,0.285714285714286,-0.140724831062117,0.759217266732697
"AT4G25490",9342,0.337805098535527,15,0.306122448979592,-0.142082256703595,0.762917682234269
"AT5G56110",9796,0.354221659736033,16,0.326530612244898,-0.117434181075898,0.766217681090599
"AT4G37180",10041,0.363080817212077,19,0.387755102040816,0.0948550545239805,0.766891986593981
"AT5G16820",10492,0.379388898933285,17,0.346938775510204,-0.128996373526565,0.768720094869526
"AT5G19790",10668,0.385753028385464,20,0.408163265306122,0.0814688628245147,0.770229957989251
"AT3G08500",11065,0.400108479479299,21,0.428571428571429,0.0991444695784636,0.770893519040441
"AT5G06950",10780,0.389802928945941,20,0.408163265306122,0.0664014147355743,0.772153622554427
"AT2G40260",11638,0.420828060025312,22,0.448979591836735,0.0934189653740532,0.772636018763304
"AT4G28500",15520,0.56120050623757,29,0.591836734693878,0.0766829355411617,0.773802856166345
"AT3G06490",1909,0.0690291086602784,2,0.0408163265306122,-0.758058509915858,0.774294875891225
"AT1G16490",12389,0.44798408967637,23,0.469387755102041,0.067332711494057,0.775669074930661
"AT3G50260",14013,0.506707647803291,26,0.530612244897959,0.0665043651078209,0.776417546632511
"AT4G31800",14136,0.511155306454529,24,0.489795918367347,-0.0615809463423813,0.777112817381585
"AT5G13790",2032,0.0734767673115169,4,0.0816326530612245,0.151858190715914,0.781614157113064
"AT1G45249",2112,0.0763695534261436,4,0.0816326530612245,0.096148758129625,0.787644387130395
"AT5G09410",2295,0.082986801663352,3,0.0612244897959184,-0.438773060091934,0.796286757360551
"AT4G05100",2835,0.102513107937082,4,0.0816326530612245,-0.328590142341513,0.814877882785233
"AT1G36060",3127,0.113071777255469,6,0.122448979591837,0.114941874284197,0.820448823996569
"AT4G32800",3207,0.115964563370096,6,0.122448979591837,0.0784967397675864,0.823552129908513
"AT4G11660",3274,0.118387271741096,6,0.122448979591837,0.0486667717350776,0.826589731984108
"AT5G24110",3839,0.138817573675646,7,0.142857142857143,0.0413829546987374,0.838048779027313
"AT2G38470",4471,0.161670583981197,7,0.142857142857143,-0.178484030996959,0.847522278178291
"AT1G22810",4755,0.171939974688121,9,0.183673469387755,0.0952382531824702,0.849441635472551
"AT5G18270",4785,0.173024769481106,9,0.183673469387755,0.0861646695570077,0.849957521966523
"AT3G49530",5243,0.189585969987344,8,0.163265306122449,-0.215633953028276,0.855045880945138
"AT5G54230",6540,0.236485264870729,12,0.244897959183673,0.0504304578237884,0.867157911955321
"AT2G44840",7829,0.283095281142651,13,0.26530612244898,-0.0936297325422282,0.874780761706656
"AT2G40620",8196,0.2963659374435,15,0.306122448979592,0.0467292040853527,0.876348377641734
"AT2G28810",17774,0.642704755017176,31,0.63265306122449,-0.0227415849580296,0.882321792884027
"AT4G14770",11284,0.408027481468089,19,0.387755102040816,-0.0735205596539067,0.884661433387968
"AT5G62940",16515,0.597179533538239,30,0.612244897959184,0.0359441239237104,0.884995579708415
"AT3G28920",14118,0.510504429578738,26,0.530612244897959,0.055734489683718,0.886574219971515
"AT2G20110",13568,0.49061652504068,25,0.510204081632653,0.0564786126996044,0.886580704686903
"AT5G67190",13413,0.485011751943591,23,0.469387755102041,-0.0472394977187065,0.886827537003775
"AT1G63030",314,0.0113541854999096,0,0,-Inf,1
"AT1G19040",948,0.0342795154583258,1,0.0204081632653061,-0.74820037141018,1
"AT4G18890",787,0.0284577834026397,1,0.0204081632653061,-0.479676948019409,1
"AT2G45480",2179,0.0787922617971434,3,0.0612244897959184,-0.363945102906672,1
"AT1G08010",2746,0.0992948833845598,4,0.0816326530612245,-0.282573032659022,1
"AT2G30590",1370,0.0495389622129814,2,0.0408163265306122,-0.279417300359811,1
"AT3G26620",1361,0.0492135237750859,2,0.0408163265306122,-0.269908474015916,1
"AT3G60530",1361,0.0492135237750859,2,0.0408163265306122,-0.269908474015916,1
"AT4G26640",2017,0.0729343699150244,3,0.0612244897959184,-0.252489990403726,1
"AT5G65510",2679,0.0968721750135599,4,0.0816326530612245,-0.246935988354299,1
"AT1G01250",667,0.0241186042306997,1,0.0204081632653061,-0.241000073696506,1
"AT1G53230",1293,0.0467546555776532,2,0.0408163265306122,-0.195963682322174,1
"AT2G18160",3807,0.137660459229796,6,0.122448979591837,-0.16893347635303,1
"AT4G29230",3776,0.136539504610378,6,0.122448979591837,-0.157137671152607,1
"AT3G30210",1853,0.0670041583800398,3,0.0612244897959184,-0.130141787818031,1
"AT5G01380",1235,0.0446573856445489,2,0.0408163265306122,-0.129752448983961,1
"AT1G30210",3053,0.11039595009944,5,0.102040816326531,-0.113540901831345,1
"AT2G03340",1216,0.0439703489423251,2,0.0408163265306122,-0.107384635955507,1
"AT5G17800",4241,0.153353823901645,7,0.142857142857143,-0.102290968050749,1
"AT5G67580",5446,0.196926414753209,9,0.183673469387755,-0.100513388113403,1
"AT3G53200",4828,0.174579642017718,8,0.163265306122449,-0.0966670832669396,1
"AT1G02250",6448,0.233158560838908,11,0.224489795918367,-0.054661532402591,1
"AT5G15830",6440,0.232869282227445,11,0.224489795918367,-0.0528704768766008,1
"AT2G24430",5259,0.190164527210269,9,0.183673469387755,-0.0501049025502995,1
"AT1G19790",8734,0.315819924064364,15,0.306122448979592,-0.0449933426836549,1
"AT1G32150",6979,0.252359428674742,12,0.244897959183673,-0.0432992382465624,1
"AT2G46270",8715,0.315132887362141,15,0.306122448979592,-0.0418514759164511,1
"AT3G18990",5211,0.188428855541493,9,0.183673469387755,-0.036876660501154,1
"AT5G62000",9252,0.334550714156572,16,0.326530612244898,-0.0350066731481111,1
"AT5G51990",13274,0.479985536069427,23,0.469387755102041,-0.0322107253477289,1
"AT1G49010",13810,0.499367203037425,24,0.489795918367347,-0.0279203209361764,1
"AT1G31140",11483,0.415223286928223,20,0.408163265306122,-0.0247410108343708,1
"AT3G01530",9730,0.351835111191466,17,0.346938775510204,-0.020218370930054,1
"AT2G31230",11987,0.433447839450371,21,0.428571428571429,-0.0163227182953932,1
"AT2G45420",10834,0.391755559573314,19,0.387755102040816,-0.0148079845393876,1
"AT1G20980",2263,0.0818296872175014,4,0.0816326530612245,-0.00347799177881408,1
"AT2G33710",10138,0.366588320376062,18,0.36734693877551,0.00298243034091609,1
"AT5G02460",17923,0.648092569155668,32,0.653061224489796,0.0110183581503012,1
"AT3G62420",8374,0.302802386548545,15,0.306122448979592,0.0157322703562937,1
"AT5G23930",4466,0.161489784849033,8,0.163265306122449,0.0157753416656031,1
"AT5G58900",13331,0.482046646176098,24,0.489795918367347,0.0230079931069443,1
"AT2G43000",4985,0.180256734767673,9,0.183673469387755,0.0270900896448343,1
